<publishData>
  <publishTarget publishUrl="http://localhost/Contoso/Appraisal.WCF">
    <file relUrl="Appraisal.WCF.AppraisalService.svc" publishTime="12/18/2009 02:49:08" />
    <file relUrl="bin/Claims.Wcf.ValidateSvc.pdb" publishTime="12/17/2009 18:34:20" />
    <file relUrl="Web.config" publishTime="12/18/2009 02:19:39" />
    <file relUrl="bin/Appraisal.WCF.pdb" publishTime="12/18/2009 02:48:59" />
    <file relUrl="bin/Claims.WCF.pdb" publishTime="12/18/2009 01:57:52" />
    <file relUrl="bin/Appraisal.WCF.dll.config" publishTime="12/18/2009 02:19:39" />
    <file relUrl="bin/Claims.WCF.dll.config" publishTime="12/18/2009 02:10:25" />
    <file relUrl="bin/Claims.WCF.dll" publishTime="12/18/2009 01:57:52" />
    <file relUrl="bin/Appraisal.WCF.dll" publishTime="12/18/2009 02:48:59" />
    <file relUrl="bin/Claims.Wcf.ValidateSvc.dll.config" publishTime="12/17/2009 17:41:28" />
    <file relUrl="bin/Claims.Wcf.ValidateSvc.dll" publishTime="12/17/2009 18:34:21" />
  </publishTarget>
  <publishTarget publishUrl="http://localhost/Contoso/Claims.WCF">
    <file relUrl="Claims.WCF.AppraisalService.svc" publishTime="12/18/2009 02:10:38" />
    <file relUrl="bin/Claims.Wcf.ValidateSvc.dll" publishTime="12/17/2009 18:34:21" />
    <file relUrl="bin/Claims.Wcf.ValidateSvc.pdb" publishTime="12/17/2009 18:34:20" />
    <file relUrl="Web.config" publishTime="12/18/2009 02:10:25" />
    <file relUrl="bin/Claims.WCF.dll.config" publishTime="12/18/2009 02:10:25" />
    <file relUrl="bin/Claims.WCF.dll" publishTime="12/18/2009 01:57:52" />
    <file relUrl="bin/Claims.WCF.pdb" publishTime="12/18/2009 01:57:52" />
    <file relUrl="bin/Claims.Wcf.ValidateSvc.dll.config" publishTime="12/17/2009 17:41:28" />
  </publishTarget>
</publishData>