<publishData>
  <publishTarget publishUrl="http://localhost/Contoso/Billing.WCF">
    <file relUrl="bin/Billing.WCF.dll" publishTime="12/18/2009 02:50:13" />
    <file relUrl="bin/Billing.WCF.dll.config" publishTime="12/18/2009 02:07:07" />
    <file relUrl="bin/Billing.WCF.pdb" publishTime="12/18/2009 02:50:13" />
    <file relUrl="Web.config" publishTime="12/18/2009 02:07:07" />
    <file relUrl="bin/Appraisal.WCF.pdb" publishTime="12/18/2009 02:48:59" />
    <file relUrl="bin/Appraisal.WCF.dll" publishTime="12/18/2009 02:48:59" />
    <file relUrl="Billing.WCF.BillingService.svc" publishTime="12/18/2009 02:50:19" />
  </publishTarget>
</publishData>