﻿<?xml version="1.0" encoding="utf-8"?>
<publishData>
  <publishProfile publishUrl="H:\Projects\AppFabric\Contoso\WebSites\Contoso.Claims.Services\ProcessClaimService.WF" deleteExistingFiles="False" ftpAnonymousLogin="False" ftpPassiveMode="True" msdeploySite="" msdeploySiteID="" msdeployRemoteSitePhysicalPath="" msdeployAllowUntrustedCertificate="False" msdeploySkipExtraFilesOnServer="True" msdeployMarkAsApp="False" profileName="Publish to Contoso Web" publishMethod="FileSystem" replaceMatchingFiles="True" userName="" savePWD="False" userPWD="" SelectedForPublish="True">
    <file relUrl="bin/ProcessClaimService.dll" publishTime="03/09/2010 01:07:11" />
    <file relUrl="ProcessClaimService.xamlx" publishTime="03/09/2010 01:07:08" />
    <file relUrl="bin/ProcessClaimService.pdb" publishTime="03/09/2010 01:07:11" />
    <file relUrl="Web.config" publishTime="03/09/2010 00:57:04" />
    <file relUrl="bin/WorkflowActivities.pdb" publishTime="03/09/2010 00:45:29" />
    <file relUrl="bin/BusinessEntities.dll" publishTime="03/09/2010 00:29:56" />
    <file relUrl="bin/WorkflowActivities.dll" publishTime="03/09/2010 00:45:29" />
    <file relUrl="bin/BusinessEntities.pdb" publishTime="03/09/2010 00:29:56" />
  </publishProfile>
</publishData>