﻿<?xml version="1.0" encoding="utf-8"?>
<publishData>
  <publishProfile publishUrl="H:\Projects\AppFabric\Contoso\WebSites\Contoso.Claims.Services\AppraisalService.WCF" deleteExistingFiles="False" ftpAnonymousLogin="False" ftpPassiveMode="True" msdeploySite="" msdeploySiteID="" msdeployRemoteSitePhysicalPath="" msdeployAllowUntrustedCertificate="False" msdeploySkipExtraFilesOnServer="True" msdeployMarkAsApp="False" profileName="Profile1" publishMethod="FileSystem" replaceMatchingFiles="True" userName="" savePWD="False" userPWD="" SelectedForPublish="True">
    <file relUrl="bin/BusinessEntities.dll" publishTime="03/08/2010 17:24:52" />
    <file relUrl="Web.config" publishTime="03/08/2010 17:26:32" />
    <file relUrl="bin/AppraisalService.WCF.dll" publishTime="03/08/2010 17:24:56" />
    <file relUrl="bin/AppraisalService.WCF.pdb" publishTime="03/08/2010 17:24:56" />
    <file relUrl="AppraisalService.svc" publishTime="01/26/2010 15:55:37" />
    <file relUrl="bin/BusinessEntities.pdb" publishTime="03/08/2010 17:24:52" />
  </publishProfile>
</publishData>